datetime,home_team_name,away_team_name,match_status,attendance,referee,venu,ft_home_score,ft_away_score,1ht_home_score,1ht_away_score,2ht_home_score,2ht_away_score,et_home_score,et_away_score,home_goal_minutes,away_goal_minutes,1ht_home_ball_possession,1ht_home_goal_attempts,1ht_home_shots_on_goal,1ht_home_shots_off_goal,1ht_home_blocked_shots,1ht_home_free_kicks,1ht_home_corner_kicks,1ht_home_offsides,1ht_home_throw_in,1ht_home_goalkeeper_saves,1ht_home_fouls,1ht_home_red_cards,1ht_home_yellow_cards,1ht_home_total_passes,1ht_home_completed_passes,1ht_home_tackles,1ht_home_attacks,1ht_home_dangerous_attacks,1ht_away_ball_possession,1ht_away_goal_attempts,1ht_away_shots_on_goal,1ht_away_shots_off_goal,1ht_away_blocked_shots,1ht_away_free_kicks,1ht_away_corner_kicks,1ht_away_offsides,1ht_away_throw_in,1ht_away_goalkeeper_saves,1ht_away_fouls,1ht_away_red_cards,1ht_away_yellow_cards,1ht_away_total_passes,1ht_away_completed_passes,1ht_away_tackles,1ht_away_attacks,1ht_away_dangerous_attacks,2ht_home_ball_possession,2ht_home_goal_attempts,2ht_home_shots_on_goal,2ht_home_shots_off_goal,2ht_home_blocked_shots,2ht_home_free_kicks,2ht_home_corner_kicks,2ht_home_offsides,2ht_home_throw_in,2ht_home_goalkeeper_saves,2ht_home_fouls,2ht_home_red_cards,2ht_home_yellow_cards,2ht_home_total_passes,2ht_home_completed_passes,2ht_home_tackles,2ht_home_attacks,2ht_home_dangerous_attacks,2ht_away_ball_possession,2ht_away_goal_attempts,2ht_away_shots_on_goal,2ht_away_shots_off_goal,2ht_away_blocked_shots,2ht_away_free_kicks,2ht_away_corner_kicks,2ht_away_offsides,2ht_away_throw_in,2ht_away_goalkeeper_saves,2ht_away_fouls,2ht_away_red_cards,2ht_away_yellow_cards,2ht_away_total_passes,2ht_away_completed_passes,2ht_away_tackles,2ht_away_attacks,2ht_away_dangerous_attacks,et_home_ball_possession,et_home_goal_attempts,et_home_shots_on_goal,et_home_shots_off_goal,et_home_blocked_shots,et_home_free_kicks,et_home_corner_kicks,et_home_offsides,et_home_throw_in,et_home_goalkeeper_saves,et_home_fouls,et_home_red_cards,et_home_yellow_cards,et_home_total_passes,et_home_completed_passes,et_home_tackles,et_home_attacks,et_home_dangerous_attacks,et_away_ball_possession,et_away_goal_attempts,et_away_shots_on_goal,et_away_shots_off_goal,et_away_blocked_shots,et_away_free_kicks,et_away_corner_kicks,et_away_offsides,et_away_throw_in,et_away_goalkeeper_saves,et_away_fouls,et_away_red_cards,et_away_yellow_cards,et_away_total_passes,et_away_completed_passes,et_away_tackles,et_away_attacks,et_away_dangerous_attacks
"2020-08-18 09:00:00","Qarabag (Aze)","Sileks (Mkd)",Finished,0,"Kozyk Y. (Ukr)","Tofiq Bahramov Stadium (Baku)",4,0,2,0,2,0,0,0,"11',40',51',80'",,62,6,3,2,1,7,4,1,0,1,9,0,0,0,0,0,54,37,38,3,1,2,0,9,1,5,0,1,7,0,1,0,0,0,35,13,54,5,2,2,1,6,3,2,0,1,9,0,0,0,0,0,50,32,46,2,1,1,0,10,1,2,0,0,7,0,0,0,0,0,35,18,0,0,0,0,0,0,0,0,0,0,0,0,0,0,0,0,0,0,0,0,0,0,0,0,0,0,0,0,0,0,0,0,0,0,0,0
"2020-08-26 09:00:00","Celje (Slo)","Molde (Nor)",Finished,0,"Jager C. (Aut)","Stadion Z'dezele (Celje)",1,2,1,0,0,2,0,0,38',"57',74'",41,7,2,2,3,5,0,1,0,2,7,0,1,0,0,0,45,21,59,8,2,3,3,8,1,1,0,1,3,0,1,0,0,0,60,36,47,4,0,3,1,6,4,1,0,3,6,0,1,0,0,0,62,24,53,8,5,1,2,8,3,0,0,0,5,0,0,0,0,0,65,30,0,0,0,0,0,0,0,0,0,0,0,0,0,0,0,0,0,0,0,0,0,0,0,0,0,0,0,0,0,0,0,0,0,0,0,0
"2020-09-16 11:30:00","Midtjylland (Den)","Young Boys (Sui)",Finished,0,"Kabakov G. (Bul)","MCH Arena (Herning)",3,0,0,0,3,0,0,0,"51',62',84'",,43,7,2,3,2,7,1,1,0,3,7,0,2,0,0,0,53,24,57,6,3,2,1,9,3,2,0,2,5,0,0,0,0,0,68,41,61,11,4,5,2,7,2,1,0,1,3,0,1,0,0,0,55,37,39,3,1,1,1,5,1,1,0,1,7,0,2,0,0,0,52,27,0,0,0,0,0,0,0,0,0,0,0,0,0,0,0,0,0,0,0,0,0,0,0,0,0,0,0,0,0,0,0,0,0,0,0,0
"2020-11-24 12:00:00",Dortmund,"Club Brugge KV",Finished,0,"Kruzliak I. (Svk)","Signal Iduna Park (Dortmund)",3,0,2,0,1,0,0,0,"18',45',60'",,60,9,4,2,3,5,4,1,0,0,6,0,0,366,319,0,72,42,40,2,0,2,0,7,0,1,0,2,4,0,0,232,193,0,39,21,42,12,4,4,4,9,5,0,0,0,5,0,0,246,209,0,52,31,58,0,0,0,0,5,0,1,0,3,8,0,1,340,293,0,52,21,0,0,0,0,0,0,0,0,0,0,0,0,0,0,0,0,0,0,0,0,0,0,0,0,0,0,0,0,0,0,0,0,0,0,0,0
"2020-10-20 09:55:00","Dyn. Kyiv",Juventus,Finished,14850,"Hategan O. (Rou)","NSC Olimpiyskiy Stadium (Kiev)",0,2,0,0,0,2,0,0,,"46',84'",52,3,1,2,0,7,0,1,0,3,7,0,0,278,242,0,51,9,48,7,3,3,1,8,5,0,0,1,7,0,1,248,211,0,65,17,44,8,2,4,2,4,2,0,0,1,7,0,0,272,237,0,56,25,56,4,3,1,0,7,0,0,0,2,4,0,2,339,312,0,59,21,0,0,0,0,0,0,0,0,0,0,0,0,0,0,0,0,0,0,0,0,0,0,0,0,0,0,0,0,0,0,0,0,0,0,0,0
"2020-09-22 12:00:00","Krasnodar (Rus)","PAOK (Gre)",Finished,0,"Turpin C. (Fra)","Krasnodar Stadium (Krasnodar)",2,1,1,1,1,0,0,0,"39',70'",32',57,6,3,3,0,7,3,2,0,2,6,0,1,227,192,0,49,31,43,7,3,2,2,7,5,0,0,2,10,0,2,155,118,0,43,28,51,2,2,0,0,8,1,0,0,1,9,0,3,297,254,0,56,24,49,4,1,3,0,7,2,0,0,1,8,0,2,220,174,0,46,28,0,0,0,0,0,0,0,0,0,0,0,0,0,0,0,0,0,0,0,0,0,0,0,0,0,0,0,0,0,0,0,0,0,0,0,0
"2020-11-25 12:00:00",Ajax,Midtjylland,Finished,0,"Karasev S. (Rus)","Johan Cruijff Arena (Amsterdam)",3,1,0,0,3,1,0,0,"47',49',66'",80',57,9,3,5,1,7,5,2,0,1,8,0,1,283,216,0,65,28,43,2,1,1,0,10,0,2,0,3,5,0,1,185,118,0,67,12,55,9,6,2,1,7,3,1,0,3,6,0,0,231,186,0,49,14,45,7,4,2,1,6,1,2,0,3,5,1,0,176,138,0,40,15,0,0,0,0,0,0,0,0,0,0,0,0,0,0,0,0,0,0,0,0,0,0,0,0,0,0,0,0,0,0,0,0,0,0,0,0
"2020-10-21 12:00:00","Olympiacos Piraeus",Marseille,Finished,0,"Orsato D. (Ita)","Georgios Karaiskakis Stadium (Piraeus)",1,0,0,0,1,0,0,0,,,53,4,0,2,2,4,2,3,0,1,7,0,0,264,232,0,55,21,47,8,1,6,1,9,2,0,0,0,4,0,0,265,228,0,47,15,53,7,3,3,1,10,0,4,0,1,5,0,1,202,158,0,64,22,47,1,1,0,0,10,1,1,0,2,10,0,0,207,169,0,55,27,0,0,0,0,0,0,0,0,0,0,0,0,0,0,0,0,0,0,0,0,0,0,0,0,0,0,0,0,0,0,0,0,0,0,0,0
,,,,,,,,,,,,,,,,,,,,,,,,,,,,,,,,,,,,,,,,,,,,,,,,,,,,,,,,,,,,,,,,,,,,,,,,,,,,,,,,,,,,,,,,,,,,,,,,,,,,,,,,,,,,,,,,,,,,,,,,,,,,
"2020-10-21 09:55:00",Salzburg,"Lokomotiv Moscow",Finished,3000,"Gozubuyuk S. (Ned)","Red Bull Arena (Salzburg)",2,2,1,1,1,1,0,0,"45',50'","19',75'",50,6,4,1,1,10,3,0,0,1,10,0,1,218,151,0,70,26,50,3,2,0,1,10,2,0,0,3,10,0,0,185,133,0,65,18,54,9,3,3,3,6,5,0,0,0,7,0,0,257,221,0,86,56,46,1,1,0,0,7,1,0,0,2,6,0,1,198,147,0,56,18,0,0,0,0,0,0,0,0,0,0,0,0,0,0,0,0,0,0,0,0,0,0,0,0,0,0,0,0,0,0,0,0,0,0,0,0
"2020-10-28 10:55:00",Krasnodar,Chelsea,Finished,10544,"Palabiyik A. (Tur)","Krasnodar Stadium (Krasnodar)",0,4,0,1,0,3,0,0,,"37',76',79',90'",26,6,2,2,2,6,2,0,0,2,8,0,1,137,85,0,42,10,74,7,3,2,2,7,3,2,0,2,4,0,0,480,417,0,78,26,40,9,2,5,2,9,4,2,0,2,4,0,1,179,114,0,51,32,60,9,5,1,3,5,1,1,0,2,8,0,0,268,204,0,48,21,0,0,0,0,0,0,0,0,0,0,0,0,0,0,0,0,0,0,0,0,0,0,0,0,0,0,0,0,0,0,0,0,0,0,0,0
"2020-08-18 11:00:00","Dynamo Brest (Blr)","FC Astana (Kaz)",Finished,0,"Musial T. (Pol)","Regional Sport Complex Brestskiy (Brest)",6,3,4,1,2,2,0,0,"16',17',22',37',55',90'","45',53',87'",53,7,5,1,1,4,1,3,0,3,1,0,1,0,0,0,47,16,47,10,4,1,5,3,4,1,0,1,4,0,0,0,0,0,48,44,44,8,3,3,2,4,2,0,0,2,5,0,0,0,0,0,42,23,56,11,4,6,1,2,6,0,0,1,4,0,0,0,0,0,49,49,0,0,0,0,0,0,0,0,0,0,0,0,0,0,0,0,0,0,0,0,0,0,0,0,0,0,0,0,0,0,0,0,0,0,0,0
"2020-08-19 11:00:00","Connahs Q. (Wal)","FK Sarajevo (Bih)",Finished,0,"Robinson J. (Nir)","Cardiff City Stadium (Cardiff)",0,2,0,1,0,1,0,0,,"16',65'",41,2,0,2,0,6,0,0,0,1,10,0,1,0,0,0,29,12,59,4,2,2,0,11,1,0,0,0,6,0,1,0,0,0,51,17,53,1,0,1,0,9,2,1,0,1,5,0,1,0,0,0,59,24,47,4,2,1,1,8,2,0,0,0,9,0,1,0,0,0,37,14,0,0,0,0,0,0,0,0,0,0,0,0,0,0,0,0,0,0,0,0,0,0,0,0,0,0,0,0,0,0,0,0,0,0,0,0
"2020-11-24 09:55:00",Rennes,Chelsea,Finished,0,"Kuipers B. (Ned)","Roazhon Park (Rennes)",1,2,0,1,1,1,0,0,85',"22',",49,6,2,2,2,6,6,0,0,1,6,0,0,259,221,0,63,31,51,6,2,3,1,6,2,0,0,2,6,0,0,273,233,0,58,15,53,6,3,0,3,5,5,0,0,2,8,0,2,290,234,0,69,33,47,3,3,0,0,7,1,2,0,2,3,0,0,266,226,0,69,18,0,0,0,0,0,0,0,0,0,0,0,0,0,0,0,0,0,0,0,0,0,0,0,0,0,0,0,0,0,0,0,0,0,0,0,0
"2020-09-30 12:00:00","Midtjylland (Den)","Slavia Prague (Cze)",Finished,0,"Skomina D. (Slo)","MCH Arena (Herning)",4,1,0,1,4,0,0,0,"65',84',88',",3',51,3,1,2,0,7,4,3,0,0,3,0,0,217,168,0,47,40,49,5,1,3,1,6,4,0,0,1,7,0,0,207,151,0,46,32,47,6,4,2,0,8,2,1,0,2,3,0,2,165,112,0,42,35,53,4,2,2,0,4,2,0,0,0,9,0,2,211,154,0,52,37,0,0,0,0,0,0,0,0,0,0,0,0,0,0,0,0,0,0,0,0,0,0,0,0,0,0,0,0,0,0,0,0,0,0,0,0
"2020-11-25 12:00:00",Marseille,"FC Porto",Finished,0,"Ekberg A. (Swe)","Stade Vélodrome (Marseille)",0,2,0,1,0,1,0,0,,"39',72'",53,3,1,2,0,10,0,3,0,2,8,0,2,229,193,0,59,17,47,4,3,1,0,11,1,1,0,1,9,0,0,186,151,0,43,16,57,8,1,4,3,6,3,0,0,0,11,1,4,270,235,0,58,16,43,5,1,3,1,9,1,0,0,1,5,1,4,200,163,0,47,21,0,0,0,0,0,0,0,0,0,0,0,0,0,0,0,0,0,0,0,0,0,0,0,0,0,0,0,0,0,0,0,0,0,0,0,0
"2020-10-21 12:00:00",Inter,"B. Monchengladbach",Finished,1000,"Kuipers B. (Ned)","Stadio Giuseppe Meazza (San Siro) (Milan)",2,2,0,0,2,2,0,0,"49',90'","63',84'",58,5,1,2,2,7,1,1,0,0,7,0,1,316,270,0,73,28,42,0,0,0,0,8,0,0,0,1,7,0,0,216,168,0,48,17,54,11,3,5,3,4,2,2,0,0,9,0,2,255,211,0,58,28,46,6,2,0,4,10,2,0,0,1,4,0,1,216,168,0,46,23,0,0,0,0,0,0,0,0,0,0,0,0,0,0,0,0,0,0,0,0,0,0,0,0,0,0,0,0,0,0,0,0,0,0,0,0
"2020-09-16 08:00:00","Omonia (Cyp)","FK Crvena zvezda (Srb)","After Penalties",0,"Kavanagh C. (Eng)","Neo GSP Stadium (Nicosia)",2,1,1,1,0,0,0,0,"31',1',2',3',4'",",1',2'",47,5,2,2,1,10,3,1,0,2,4,0,0,0,0,0,45,15,53,11,3,6,2,6,5,0,0,1,9,0,1,0,0,0,59,36,51,5,1,3,1,9,4,0,0,5,9,0,3,0,0,0,49,22,49,11,5,5,1,13,3,0,0,1,9,0,1,0,0,0,40,27,49,3,1,2,0,10,0,0,0,0,4,0,2,0,0,0,38,13,51,1,0,1,0,4,2,0,0,1,9,0,2,0,0,0,27,11
"2020-09-23 12:00:00","Molde (Nor)","Ferencvaros (Hun)",Finished,0,"Del Cerro C. (Esp)","Aker Stadion (Molde)",3,3,0,1,3,2,0,0,"55',65',83'","7',52',87'",44,5,0,5,0,3,3,0,0,0,7,0,2,271,219,0,42,41,56,3,1,1,1,7,0,2,0,0,1,0,0,314,271,0,66,51,58,10,4,3,3,10,8,1,0,1,5,0,2,296,239,0,47,59,42,4,3,0,1,6,1,0,0,1,10,0,0,159,116,0,40,27,0,0,0,0,0,0,0,0,0,0,0,0,0,0,0,0,0,0,0,0,0,0,0,0,0,0,0,0,0,0,0,0,0,0,0,0
"2020-11-03 09:55:00","Lokomotiv Moscow","Atl. Madrid",Finished,8147,"Bastien B. (Fra)","RZD Arena (Moscow)",1,1,1,1,0,0,0,0,25',18',45,2,1,1,0,6,0,0,0,1,4,0,1,206,169,0,43,11,55,6,2,3,1,5,5,1,0,0,6,0,2,289,234,0,61,43,35,1,0,1,0,4,1,0,0,3,7,0,5,159,112,0,21,11,65,6,3,3,0,7,5,3,0,0,1,0,1,363,297,0,102,68,0,0,0,0,0,0,0,0,0,0,0,0,0,0,0,0,0,0,0,0,0,0,0,0,0,0,0,0,0,0,0,0,0,0,0,0
"2020-10-28 13:00:00","Club Brugge KV",Lazio,Finished,0,"Taylor A. (Eng)","Jan Breydel Stadion (Brugge)",1,1,1,1,0,0,0,0,42',14',55,3,1,1,1,8,3,1,0,1,7,0,1,308,248,0,71,46,45,5,2,3,0,9,0,0,0,0,9,0,3,231,191,0,38,8,61,8,2,4,2,4,4,0,0,1,11,0,2,317,251,0,83,46,39,2,1,1,0,11,2,0,0,2,4,0,2,190,136,0,45,13,0,0,0,0,0,0,0,0,0,0,0,0,0,0,0,0,0,0,0,0,0,0,0,0,0,0,0,0,0,0,0,0,0,0,0,0
"2020-10-21 12:00:00","Bayern Munich","Atl. Madrid",Finished,0,"Oliver M. (Eng)","Allianz Arena (Munich)",4,0,2,0,2,0,0,0,"28',41',66',72'",,62,10,3,5,2,6,3,0,0,1,4,0,2,330,275,0,60,31,38,3,1,2,0,4,3,2,0,1,4,0,3,227,178,0,42,35,58,6,2,2,2,12,3,1,0,0,4,0,0,298,255,0,42,30,42,5,0,4,1,5,4,3,0,0,9,0,1,217,172,0,63,35,0,0,0,0,0,0,0,0,0,0,0,0,0,0,0,0,0,0,0,0,0,0,0,0,0,0,0,0,0,0,0,0,0,0,0,0
"2020-09-22 12:00:00","Maccabi Tel Aviv (Isr)","Salzburg (Aut)",Finished,0,"Oliver M. (Eng)","Bloomfield Stadium (Tel-Aviv)",1,2,1,0,0,2,0,0,9',"49',57'",43,5,2,2,1,7,1,0,0,3,6,0,0,166,109,0,57,30,57,10,3,4,3,6,3,1,0,1,9,0,0,313,246,0,81,66,51,9,7,1,1,10,1,1,0,5,4,0,2,253,205,0,51,38,49,14,7,3,4,3,4,2,0,7,9,0,1,242,188,0,62,51,0,0,0,0,0,0,0,0,0,0,0,0,0,0,0,0,0,0,0,0,0,0,0,0,0,0,0,0,0,0,0,0,0,0,0,0
"2020-10-20 09:55:00",Zenit,"Club Brugge KV",Finished,16682,"Bastien B. (Fra)","Gazprom Arena (Saint Petersburg)",1,2,0,0,1,2,0,0,74',"63',",52,2,1,1,0,7,2,0,0,1,7,0,0,268,200,0,63,26,48,5,1,2,2,7,3,2,0,1,5,0,3,257,185,0,64,32,50,11,2,6,3,6,6,0,0,0,8,0,1,252,195,0,63,30,50,8,2,4,2,8,1,1,0,1,5,0,1,225,167,0,62,31,0,0,0,0,0,0,0,0,0,0,0,0,0,0,0,0,0,0,0,0,0,0,0,0,0,0,0,0,0,0,0,0,0,0,0,0
,,,,,,,,,,,,,,,,,,,,,,,,,,,,,,,,,,,,,,,,,,,,,,,,,,,,,,,,,,,,,,,,,,,,,,,,,,,,,,,,,,,,,,,,,,,,,,,,,,,,,,,,,,,,,,,,,,,,,,,,,,,,
"2020-08-19 12:00:00","Floriana (Mlt)","CFR Cluj (Rou)",Finished,0,"Kopriwa L. (Lux)","Centenary Stadium (Ta' Qali)",0,2,0,0,0,2,0,0,,"53',",43,0,0,0,0,10,0,0,0,1,9,0,1,0,0,0,32,9,57,6,1,0,5,11,4,1,0,0,6,0,1,0,0,0,36,22,61,4,0,3,1,12,3,0,0,1,7,0,3,0,0,0,31,15,39,6,3,1,2,9,1,0,0,0,8,0,3,0,0,0,25,11,0,0,0,0,0,0,0,0,0,0,0,0,0,0,0,0,0,0,0,0,0,0,0,0,0,0,0,0,0,0,0,0,0,0,0,0
"2020-11-03 12:00:00","Real Madrid",Inter,Finished,0,"Turpin C. (Fra)","Alfredo di Stéfano Stadium (Madrid)",3,2,2,1,1,1,0,0,"25',33',80'","35',68'",52,6,4,2,0,7,3,0,0,1,7,0,0,331,294,0,67,20,48,4,2,2,0,6,0,0,0,2,7,0,1,270,229,0,41,15,52,6,3,1,2,7,3,0,0,0,6,0,4,279,235,0,34,26,48,8,1,3,4,6,2,0,0,2,7,0,2,223,181,0,34,29,0,0,0,0,0,0,0,0,0,0,0,0,0,0,0,0,0,0,0,0,0,0,0,0,0,0,0,0,0,0,0,0,0,0,0,0
"2020-08-18 10:00:00","Legia (Pol)","Linfield (Nir)",Finished,0,"Laforge N. (Bel)","Stadion Wojska Polskiego (Warsaw)",1,0,0,0,1,0,0,0,82',,58,7,5,2,0,3,2,1,0,1,7,0,0,0,0,0,54,37,42,2,1,1,0,6,1,1,0,5,4,0,1,0,0,0,38,8,62,13,6,3,4,7,7,1,0,1,7,0,1,0,0,0,50,37,38,4,1,3,0,8,0,0,0,5,7,1,4,0,0,0,34,10,0,0,0,0,0,0,0,0,0,0,0,0,0,0,0,0,0,0,0,0,0,0,0,0,0,0,0,0,0,0,0,0,0,0,0,0
,,,,,,,,,,,,,,,,,,,,,,,,,,,,,,,,,,,,,,,,,,,,,,,,,,,,,,,,,,,,,,,,,,,,,,,,,,,,,,,,,,,,,,,,,,,,,,,,,,,,,,,,,,,,,,,,,,,,,,,,,,,,
"2020-08-08 06:00:00","Tre Fiori (San)","Linfield (Nir)",Finished,0,"Berke B. (Hun)","Colovray Stadium (Nyon)",0,2,0,0,0,2,0,0,,"71',83'",0,1,0,1,0,0,0,0,0,1,0,0,1,0,0,0,0,0,0,2,1,1,0,0,2,0,0,0,0,0,0,0,0,0,0,0,0,3,0,2,1,0,0,1,0,3,20,1,3,0,0,0,0,0,0,7,5,2,0,0,4,4,0,0,11,0,3,0,0,0,0,0,0,0,0,0,0,0,0,0,0,0,0,0,0,0,0,0,0,0,0,0,0,0,0,0,0,0,0,0,0,0,0,0,0,0,0,0
"2020-10-28 13:00:00",Ferencvaros,"Dyn. Kyiv",Finished,6171,"Kruzliak I. (Svk)","Groupama Arena (Budapest)",2,2,0,2,2,0,0,0,"59',90'","28',41'",52,6,1,4,1,2,2,1,0,1,9,0,3,265,234,0,53,18,48,7,3,1,3,9,1,0,0,1,2,0,0,266,230,0,42,24,50,8,3,3,2,9,3,1,0,0,5,0,2,278,241,0,48,21,50,0,0,0,0,6,2,0,0,1,9,1,3,274,238,0,52,17,0,0,0,0,0,0,0,0,0,0,0,0,0,0,0,0,0,0,0,0,0,0,0,0,0,0,0,0,0,0,0,0,0,0,0,0
,,,,,,,,,,,,,,,,,,,,,,,,,,,,,,,,,,,,,,,,,,,,,,,,,,,,,,,,,,,,,,,,,,,,,,,,,,,,,,,,,,,,,,,,,,,,,,,,,,,,,,,,,,,,,,,,,,,,,,,,,,,,
"2020-10-27 13:00:00","Atl. Madrid",Salzburg,Finished,0,"Hategan O. (Rou)","Wanda Metropolitano (Madrid)",3,2,1,1,2,1,0,0,"29',52',85'","40',47'",54,11,4,5,2,9,6,1,0,1,3,0,0,259,214,0,53,22,46,7,2,3,2,4,1,0,0,3,9,0,2,234,186,0,60,25,48,8,4,3,1,7,3,1,0,0,12,0,1,197,157,0,49,22,52,6,1,0,5,12,4,2,0,2,5,0,0,273,219,0,65,17,0,0,0,0,0,0,0,0,0,0,0,0,0,0,0,0,0,0,0,0,0,0,0,0,0,0,0,0,0,0,0,0,0,0,0,0
"2020-11-03 12:00:00",Atalanta,Liverpool,Finished,0,"Hategan O. (Rou)","Gewiss Stadium (Bergamo)",0,5,0,2,0,3,0,0,,"16',33',47',49',54'",41,2,2,0,0,9,0,2,0,4,1,0,0,208,165,0,50,19,59,7,6,1,0,3,5,2,0,2,7,0,2,348,293,0,78,20,49,7,4,1,2,9,6,2,0,3,5,0,0,272,235,0,32,26,51,8,6,0,2,4,2,0,0,4,9,0,1,275,243,0,37,25,0,0,0,0,0,0,0,0,0,0,0,0,0,0,0,0,0,0,0,0,0,0,0,0,0,0,0,0,0,0,0,0,0,0,0,0
"2020-08-08 10:30:00","Drita (Kos)","Inter Escaldes (And)",Finished,0,"Jenkins R. (Wal)","Colovray Stadium (Nyon)",2,1,2,1,0,0,0,0,"21',",29',0,10,3,6,1,0,5,0,0,2,5,0,0,0,0,0,0,0,0,3,3,0,0,0,0,0,0,1,7,0,0,0,0,0,0,0,0,10,3,5,2,0,2,1,0,0,8,0,0,0,0,0,0,0,0,1,0,1,0,0,1,1,0,3,4,0,2,0,0,0,0,0,0,0,0,0,0,0,0,0,0,0,0,0,0,0,0,0,0,0,0,0,0,0,0,0,0,0,0,0,0,0,0,0,0,0,0,0
"2020-10-27 10:55:00","Shakhtar Donetsk",Inter,Finished,10178,"Kabakov G. (Bul)","NSC Olimpiyskiy Stadium (Kiev)",0,0,0,0,0,0,0,0,,,46,2,1,1,0,8,2,0,0,3,2,0,0,254,214,0,31,11,54,8,3,4,1,2,5,3,0,1,5,0,1,295,259,0,79,45,40,2,0,1,1,9,0,0,0,1,3,0,0,198,162,0,39,8,60,4,1,2,1,3,1,0,0,0,9,0,1,310,269,0,66,35,0,0,0,0,0,0,0,0,0,0,0,0,0,0,0,0,0,0,0,0,0,0,0,0,0,0,0,0,0,0,0,0,0,0,0,0
,,,,,,,,,,,,,,,,,,,,,,,,,,,,,,,,,,,,,,,,,,,,,,,,,,,,,,,,,,,,,,,,,,,,,,,,,,,,,,,,,,,,,,,,,,,,,,,,,,,,,,,,,,,,,,,,,,,,,,,,,,,,
"2020-08-26 11:00:00","CFR Cluj (Rou)","D. Zagreb (Cro)","After Penalties",0,"Nobre A. (Por)","Stadionul Dr. Constantin Rădulescu (Cluj-Napoca)",2,3,0,1,2,1,0,0,"64',,1',2',3',4',6'","14',78',1',2',3',4',6',7'",57,7,1,3,3,11,4,0,0,2,7,0,0,0,0,0,50,32,43,6,3,3,0,7,2,0,0,1,10,0,1,0,0,0,50,17,53,8,5,3,0,5,2,1,0,4,5,0,4,0,0,0,57,43,47,7,5,1,1,6,2,2,0,3,4,1,2,0,0,0,43,20,59,5,0,2,3,3,4,0,0,1,4,0,2,0,0,0,35,32,41,1,1,0,0,5,1,0,0,0,3,0,2,0,0,0,26,9
,,,,,,,,,,,,,,,,,,,,,,,,,,,,,,,,,,,,,,,,,,,,,,,,,,,,,,,,,,,,,,,,,,,,,,,,,,,,,,,,,,,,,,,,,,,,,,,,,,,,,,,,,,,,,,,,,,,,,,,,,,,,
"2020-08-19 11:00:00","Buducnost (Mne)","Ludogorets (Bul)",Finished,0,"Karako F. (Hun)","Stadion Pod Goricom (Podgorica)",1,3,1,2,0,1,0,0,31',"12',25',",44,4,2,2,0,5,5,3,0,1,8,0,1,0,0,0,55,48,56,5,3,2,0,7,0,1,0,1,8,0,0,0,0,0,39,23,58,5,0,3,2,14,0,2,0,1,12,0,1,0,0,0,51,34,42,3,2,1,0,13,2,2,0,0,11,0,5,0,0,0,60,42,0,0,0,0,0,0,0,0,0,0,0,0,0,0,0,0,0,0,0,0,0,0,0,0,0,0,0,0,0,0,0,0,0,0,0,0
"2020-10-20 12:00:00",Rennes,Krasnodar,Finished,4973,"Sidiropoulos T. (Gre)","Roazhon Park (Rennes)",1,1,0,0,1,1,0,0,56',59',61,8,3,3,2,5,2,0,0,1,10,0,1,319,272,0,71,22,39,7,1,4,2,10,2,0,0,3,6,0,1,186,139,0,44,23,59,12,4,6,2,5,1,0,0,1,12,0,2,306,255,0,62,26,41,3,2,0,1,12,0,3,0,3,3,0,1,192,138,0,55,14,0,0,0,0,0,0,0,0,0,0,0,0,0,0,0,0,0,0,0,0,0,0,0,0,0,0,0,0,0,0,0,0,0,0,0,0
"2020-11-25 12:00:00","Bayern Munich",Salzburg,Finished,0,"Grinfeld O. (Isr)","Allianz Arena (Munich)",3,1,1,0,2,1,0,0,"43',52',68'",73',66,7,2,3,2,9,3,0,0,5,4,0,1,373,311,0,73,39,34,8,5,3,0,4,2,0,0,1,9,0,0,206,145,0,40,21,58,4,3,1,0,9,2,1,0,5,10,1,2,303,256,0,65,23,42,12,6,5,1,11,3,1,0,1,7,0,2,241,198,0,58,20,0,0,0,0,0,0,0,0,0,0,0,0,0,0,0,0,0,0,0,0,0,0,0,0,0,0,0,0,0,0,0,0,0,0,0,0
"2020-11-25 12:00:00","Atl. Madrid","Lokomotiv Moscow",Finished,0,"Vincic S. (Slo)","Wanda Metropolitano (Madrid)",0,0,0,0,0,0,0,0,,,58,11,4,4,3,4,6,1,0,0,10,0,0,341,282,0,102,56,42,0,0,0,0,10,1,1,0,4,3,0,0,212,153,0,43,6,60,9,1,3,5,6,10,2,0,1,10,0,0,310,266,0,63,40,40,4,1,3,0,11,0,1,0,1,5,0,0,144,123,0,43,8,0,0,0,0,0,0,0,0,0,0,0,0,0,0,0,0,0,0,0,0,0,0,0,0,0,0,0,0,0,0,0,0,0,0,0,0
"2020-11-04 09:55:00",Basaksehir,"Manchester Utd",Finished,350,"Massa D. (Ita)","Basaksehir Fatih Terim Stadium (Istanbul)",2,1,2,1,0,0,0,0,"13',40'",43',42,6,3,1,2,5,0,1,0,0,2,0,0,210,171,0,42,16,58,4,1,2,1,3,1,1,0,1,4,0,1,375,334,0,82,33,32,3,0,2,1,5,1,0,0,1,7,0,1,147,107,0,26,6,68,5,1,1,3,7,4,0,0,0,5,0,0,394,330,0,97,51,0,0,0,0,0,0,0,0,0,0,0,0,0,0,0,0,0,0,0,0,0,0,0,0,0,0,0,0,0,0,0,0,0,0,0,0
,,,,,,,,,,,,,,,,,,,,,,,,,,,,,,,,,,,,,,,,,,,,,,,,,,,,,,,,,,,,,,,,,,,,,,,,,,,,,,,,,,,,,,,,,,,,,,,,,,,,,,,,,,,,,,,,,,,,,,,,,,,,
"2020-08-21 09:00:00","Klaksvik (Fai)","Slovan Bratislava (Svk)",Awarded,0,"Hagenes K. (Nor)","Injector Arena (Klaksvík)",3,0,3,0,0,0,0,0,,,0,0,0,0,0,0,0,0,0,0,0,0,0,0,0,0,0,0,0,0,0,0,0,0,0,0,0,0,0,0,0,0,0,0,0,0,0,0,0,0,0,0,0,0,0,0,0,0,0,0,0,0,0,0,0,0,0,0,0,0,0,0,0,0,0,0,0,0,0,0,0,0,0,0,0,0,0,0,0,0,0,0,0,0,0,0,0,0,0,0,0,0,0,0,0,0,0,0,0,0,0,0,0,0,0,0,0,0
"2020-10-27 13:00:00",Marseille,"Manchester City",Finished,0,"Stieler T. (Ger)","Stade Vélodrome (Marseille)",0,3,0,1,0,2,0,0,,"18',76',81'",33,1,1,0,0,5,0,2,0,1,2,0,0,205,160,0,27,4,67,6,2,2,2,4,4,0,0,1,5,0,0,423,375,0,89,44,41,1,1,0,0,9,1,1,0,0,3,0,2,269,236,0,36,9,59,3,2,1,0,4,1,5,0,1,5,0,1,419,390,0,72,27,0,0,0,0,0,0,0,0,0,0,0,0,0,0,0,0,0,0,0,0,0,0,0,0,0,0,0,0,0,0,0,0,0,0,0,0
"2020-11-24 09:55:00",Krasnodar,Sevilla,Finished,10554,"Guida M. (Ita)","Krasnodar Stadium (Krasnodar)",1,2,0,1,1,1,0,0,56',"4',",40,4,1,0,3,5,0,2,0,1,10,0,1,199,162,0,51,25,60,5,2,2,1,12,1,0,0,1,5,0,0,316,280,0,50,28,42,7,2,1,4,6,1,2,0,5,5,0,0,194,140,0,74,33,58,17,6,4,7,7,2,1,0,1,5,0,1,279,236,0,70,51,0,0,0,0,0,0,0,0,0,0,0,0,0,0,0,0,0,0,0,0,0,0,0,0,0,0,0,0,0,0,0,0,0,0,0,0
"2020-08-26 11:00:00","Legia (Pol)","Omonia (Cyp)","After Extra Time",0,"Verboomen N. (Bel)","Stadion Wojska Polskiego (Warsaw)",0,2,0,0,0,0,0,2,,"92',107'",42,4,0,2,2,8,0,0,0,2,5,0,1,0,0,0,42,16,58,7,2,2,3,7,4,0,0,0,9,0,2,0,0,0,49,29,52,9,2,4,3,8,3,0,0,2,3,1,1,0,0,0,51,26,48,10,2,4,4,3,5,1,0,2,7,0,0,0,0,0,59,43,52,4,0,1,3,7,1,1,0,1,11,0,3,0,0,0,36,23,48,5,3,2,0,9,0,0,0,0,5,0,1,0,0,0,17,10
"2020-11-25 09:55:00","Olympiacos Piraeus","Manchester City",Finished,0,"Massa D. (Ita)","Georgios Karaiskakis Stadium (Piraeus)",0,1,0,1,0,0,0,0,,36',41,0,0,0,0,2,0,1,0,6,4,0,1,211,153,0,18,1,59,12,7,3,2,5,3,0,0,0,2,0,1,360,305,0,84,47,47,2,0,2,0,7,0,2,0,3,5,0,0,279,218,0,35,10,53,9,3,4,2,8,1,1,0,0,6,0,2,342,283,0,81,46,0,0,0,0,0,0,0,0,0,0,0,0,0,0,0,0,0,0,0,0,0,0,0,0,0,0,0,0,0,0,0,0,0,0,0,0
"2020-08-19 08:00:00","Ararat-Armenia (Arm)","Omonia (Cyp)","After Extra Time",0,"Shimusik V. (Blr)","Football Academy Stadium (Yerevan)",0,1,0,0,0,0,0,1,,94',56,4,1,2,1,12,1,0,0,0,11,0,1,0,0,0,51,20,44,1,0,1,0,10,1,0,0,1,14,0,2,0,0,0,51,27,48,2,0,1,1,6,2,1,0,1,7,0,3,0,0,0,61,23,52,1,1,0,0,6,3,0,0,0,5,0,1,0,0,0,61,22,52,1,0,0,1,7,1,0,0,2,7,1,1,0,0,0,40,21,48,6,3,2,1,8,2,2,0,0,5,0,2,0,0,0,30,16
"2020-11-04 09:55:00",Zenit,Lazio,Finished,17427,"Soares Dias A. (Por)","Gazprom Arena (Saint Petersburg)",1,1,1,0,0,1,0,0,32',82',51,3,1,1,1,4,2,1,0,1,7,0,1,267,215,0,66,19,49,7,1,3,3,8,3,0,0,0,4,0,1,281,227,0,64,25,45,4,1,1,2,5,1,4,0,1,8,0,3,210,159,0,55,31,55,9,2,5,2,12,0,0,0,1,5,0,4,272,222,0,62,27,0,0,0,0,0,0,0,0,0,0,0,0,0,0,0,0,0,0,0,0,0,0,0,0,0,0,0,0,0,0,0,0,0,0,0,0
,,,,,,,,,,,,,,,,,,,,,,,,,,,,,,,,,,,,,,,,,,,,,,,,,,,,,,,,,,,,,,,,,,,,,,,,,,,,,,,,,,,,,,,,,,,,,,,,,,,,,,,,,,,,,,,,,,,,,,,,,,,,
"2020-10-27 10:55:00","Lokomotiv Moscow","Bayern Munich",Finished,8196,"Kovacs I. (Rou)","RZD Arena (Moscow)",1,2,0,1,1,1,0,0,70',"13',79'",38,5,2,2,1,11,1,1,0,1,4,0,1,188,147,0,50,13,62,9,2,5,2,5,2,1,0,2,10,0,0,337,293,0,66,35,34,10,3,3,4,8,3,1,0,1,7,0,2,156,119,0,43,13,66,9,2,3,4,8,2,4,0,2,5,0,1,309,273,0,65,37,0,0,0,0,0,0,0,0,0,0,0,0,0,0,0,0,0,0,0,0,0,0,0,0,0,0,0,0,0,0,0,0,0,0,0,0
"2020-09-16 10:00:00","Qarabag (Aze)","Molde (Nor)","After Penalties",0,"Jovanovic S. (Srb)","AEK Arena (Larnaca)",0,1,0,0,0,0,0,0,"1',2',3',4',5'","1',2',3',4',5',6'",61,9,4,3,2,7,2,4,0,0,4,0,0,0,0,0,64,42,39,0,0,0,0,7,1,0,0,4,6,0,0,0,0,0,37,11,49,6,2,3,1,8,0,4,0,1,5,0,3,0,0,0,44,26,51,4,1,2,1,6,1,2,0,2,5,0,2,0,0,0,45,19,44,2,1,1,0,4,2,0,0,2,4,0,0,0,0,0,31,12,56,4,2,2,0,4,0,0,0,1,2,0,0,0,0,0,33,13
,,,,,,,,,,,,,,,,,,,,,,,,,,,,,,,,,,,,,,,,,,,,,,,,,,,,,,,,,,,,,,,,,,,,,,,,,,,,,,,,,,,,,,,,,,,,,,,,,,,,,,,,,,,,,,,,,,,,,,,,,,,,
"2020-08-18 11:45:00","Celtic (Sco)","KR Reykjavik (Ice)",Finished,0,"Gishamer S. (Aut)","Celtic Park (Glasgow)",6,0,3,0,3,0,0,0,"6',17',31',46',72',",,66,16,11,1,4,3,5,1,0,1,0,0,0,0,0,0,59,51,34,2,1,1,0,1,1,0,0,8,4,0,0,0,0,0,34,13,64,8,3,3,2,6,4,1,0,1,4,0,0,0,0,0,57,46,36,3,1,1,1,5,1,1,0,0,4,0,0,0,0,0,41,21,0,0,0,0,0,0,0,0,0,0,0,0,0,0,0,0,0,0,0,0,0,0,0,0,0,0,0,0,0,0,0,0,0,0,0,0
,,,,,,,,,,,,,,,,,,,,,,,,,,,,,,,,,,,,,,,,,,,,,,,,,,,,,,,,,,,,,,,,,,,,,,,,,,,,,,,,,,,,,,,,,,,,,,,,,,,,,,,,,,,,,,,,,,,,,,,,,,,,
"2020-11-03 12:00:00","FC Porto",Marseille,Finished,0,"Lahoz A. (Esp)","Estádio do Dragão (Porto)",3,0,2,0,1,0,0,0,"4',28',69'",,42,3,3,0,0,9,2,3,0,0,8,0,1,159,108,0,33,13,58,4,0,4,0,10,2,0,0,1,10,0,1,230,176,0,60,23,42,3,1,2,0,10,1,2,0,0,6,0,0,215,174,0,39,15,58,3,0,2,1,8,4,1,0,0,9,0,4,331,279,0,61,36,0,0,0,0,0,0,0,0,0,0,0,0,0,0,0,0,0,0,0,0,0,0,0,0,0,0,0,0,0,0,0,0,0,0,0,0
"2020-09-15 11:00:00","PAOK (Gre)","Benfica (Por)",Finished,0,"Brych F. (Ger)","Toumba Stadium (Thessaloniki)",2,1,0,0,2,1,0,0,"63',75'",,36,2,1,1,0,9,2,2,0,3,8,0,3,0,0,0,32,15,64,9,3,5,1,10,5,1,0,1,8,0,1,0,0,0,49,44,44,8,3,3,2,7,0,0,0,2,2,0,2,0,0,0,34,26,56,5,3,0,2,5,5,0,0,1,5,0,0,0,0,0,48,56,0,0,0,0,0,0,0,0,0,0,0,0,0,0,0,0,0,0,0,0,0,0,0,0,0,0,0,0,0,0,0,0,0,0,0,0
"2020-10-27 13:00:00",Liverpool,Midtjylland,Finished,0,"Raczkowski P. (Pol)","Anfield (Liverpool)",2,0,0,0,2,0,0,0,"55',",,67,4,0,2,2,7,3,1,0,1,6,0,1,344,293,0,73,25,33,1,1,0,0,7,1,0,0,0,7,0,3,125,84,0,50,14,53,6,2,4,0,4,0,0,0,1,5,0,0,299,255,0,57,15,47,5,1,4,0,5,1,1,0,0,4,0,1,257,200,0,45,13,0,0,0,0,0,0,0,0,0,0,0,0,0,0,0,0,0,0,0,0,0,0,0,0,0,0,0,0,0,0,0,0,0,0,0,0
"2020-11-03 12:00:00",Midtjylland,Ajax,Finished,132,"Madden B. (Sco)","MCH Arena (Herning)",1,2,1,2,0,0,0,0,18',"1',13'",50,7,3,2,2,10,2,0,0,0,10,0,0,257,198,0,63,27,50,3,2,0,1,10,1,1,0,2,9,0,1,281,235,0,58,18,42,2,1,1,0,12,1,1,0,2,8,0,1,194,129,0,62,35,58,3,2,1,0,9,2,3,0,1,9,0,0,284,230,0,44,31,0,0,0,0,0,0,0,0,0,0,0,0,0,0,0,0,0,0,0,0,0,0,0,0,0,0,0,0,0,0,0,0,0,0,0,0
"2020-09-23 12:00:00","Olympiacos Piraeus (Gre)","Omonia (Cyp)",Finished,0,"Makkelie D. (Ned)","Georgios Karaiskakis Stadium (Piraeus)",2,0,0,0,2,0,0,0,"69',",,60,8,2,4,2,7,2,0,0,0,5,0,0,347,298,0,58,37,40,1,0,1,0,5,2,1,0,2,6,0,3,171,127,0,40,18,62,9,5,3,1,6,4,0,0,2,8,0,1,304,260,0,60,46,38,4,2,2,0,9,1,1,0,3,6,0,1,158,126,0,35,22,0,0,0,0,0,0,0,0,0,0,0,0,0,0,0,0,0,0,0,0,0,0,0,0,0,0,0,0,0,0,0,0,0,0,0,0
"2020-08-19 10:00:00","Maccabi Tel Aviv (Isr)","Riga FC (Lat)",Finished,0,"Pajac I. (Cro)","Bloomfield Stadium (Tel-Aviv)",2,0,0,0,2,0,0,0,"58',88'",,54,15,2,8,5,6,1,0,0,0,4,0,1,0,0,0,76,32,46,6,0,3,3,4,3,0,0,2,6,0,1,0,0,0,64,33,60,9,7,1,1,5,3,1,0,2,6,0,1,0,0,0,66,37,40,3,2,1,0,7,2,1,0,5,6,0,2,0,0,0,59,39,0,0,0,0,0,0,0,0,0,0,0,0,0,0,0,0,0,0,0,0,0,0,0,0,0,0,0,0,0,0,0,0,0,0,0,0
"2020-08-26 07:30:00","AZ Alkmaar (Ned)","Plzen (Cze)","After Extra Time",0,"Godinho L. (Por)","AFAS Stadion (Alkmaar)",3,1,0,0,1,1,2,0,",98',118'",78',51,1,1,0,0,7,2,2,0,1,4,0,0,0,0,0,56,26,49,1,1,0,0,6,1,1,0,1,5,0,0,0,0,0,42,29,53,7,3,4,0,7,2,2,0,1,9,0,1,0,0,0,57,37,47,3,2,1,0,10,1,0,0,2,6,0,2,0,0,0,45,24,61,5,2,2,1,4,3,3,0,0,8,0,3,0,0,0,33,22,39,3,0,3,0,7,4,0,0,0,4,0,1,0,0,0,27,24
"2020-11-03 12:00:00",Salzburg,"Bayern Munich",Finished,0,"Makkelie D. (Ned)","Red Bull Arena (Salzburg)",2,6,1,2,1,4,0,0,"4',66'","21',44',79',83',88',",43,11,4,3,4,10,5,5,0,0,5,0,0,207,159,0,41,20,57,8,1,3,4,10,0,2,0,3,9,0,1,270,229,0,53,29,39,8,7,0,1,4,5,2,0,4,6,0,2,171,118,0,31,25,61,13,8,3,2,8,3,0,0,6,4,0,1,266,209,0,37,26,0,0,0,0,0,0,0,0,0,0,0,0,0,0,0,0,0,0,0,0,0,0,0,0,0,0,0,0,0,0,0,0,0,0,0,0
,,,,,,,,,,,,,,,,,,,,,,,,,,,,,,,,,,,,,,,,,,,,,,,,,,,,,,,,,,,,,,,,,,,,,,,,,,,,,,,,,,,,,,,,,,,,,,,,,,,,,,,,,,,,,,,,,,,,,,,,,,,,
"2020-08-26 09:00:00","Suduva (Ltu)","Maccabi Tel Aviv (Isr)",Finished,0,"Obrenovic R. (Slo)","ARVI futbolo arena (Marijampole)",0,3,0,1,0,2,0,0,,"30',73',",30,0,0,0,0,8,0,1,0,2,7,0,0,0,0,0,35,9,70,4,3,0,1,8,1,2,0,0,6,0,1,0,0,0,71,31,37,1,0,1,0,6,0,0,0,1,9,0,2,0,0,0,35,19,63,7,3,3,1,8,0,2,0,0,5,0,2,0,0,0,60,33,0,0,0,0,0,0,0,0,0,0,0,0,0,0,0,0,0,0,0,0,0,0,0,0,0,0,0,0,0,0,0,0,0,0,0,0
,,,,,,,,,,,,,,,,,,,,,,,,,,,,,,,,,,,,,,,,,,,,,,,,,,,,,,,,,,,,,,,,,,,,,,,,,,,,,,,,,,,,,,,,,,,,,,,,,,,,,,,,,,,,,,,,,,,,,,,,,,,,
,,,,,,,,,,,,,,,,,,,,,,,,,,,,,,,,,,,,,,,,,,,,,,,,,,,,,,,,,,,,,,,,,,,,,,,,,,,,,,,,,,,,,,,,,,,,,,,,,,,,,,,,,,,,,,,,,,,,,,,,,,,,
"2020-10-28 13:00:00",Sevilla,Rennes,Finished,0,"Cakir C. (Tur)","Estadio Ramón Sánchez Pizjuán (Sevilla)",1,0,0,0,1,0,0,0,55',,61,13,4,4,5,6,10,3,0,1,8,0,1,298,256,0,64,33,39,1,1,0,0,11,0,0,0,4,6,0,0,153,116,0,39,10,63,10,3,7,0,13,1,3,0,1,6,0,1,279,230,0,58,34,37,1,1,0,0,9,0,0,0,2,13,0,3,160,117,0,37,8,0,0,0,0,0,0,0,0,0,0,0,0,0,0,0,0,0,0,0,0,0,0,0,0,0,0,0,0,0,0,0,0,0,0,0,0
"2020-10-21 09:55:00","Real Madrid","Shakhtar Donetsk",Finished,0,"Jovanovic S. (Srb)","Alfredo di Stéfano Stadium (Madrid)",2,3,0,3,2,0,0,0,"54',59'","29',33',42'",49,4,2,1,1,6,0,1,0,1,5,0,0,299,266,0,62,42,51,4,4,0,0,6,1,0,0,2,6,0,0,314,288,0,25,12,65,7,3,2,2,3,7,3,0,2,6,0,0,403,354,0,87,82,35,3,2,1,0,9,0,1,0,1,2,0,0,170,133,0,22,7,0,0,0,0,0,0,0,0,0,0,0,0,0,0,0,0,0,0,0,0,0,0,0,0,0,0,0,0,0,0,0,0,0,0,0,0
,,,,,,,,,,,,,,,,,,,,,,,,,,,,,,,,,,,,,,,,,,,,,,,,,,,,,,,,,,,,,,,,,,,,,,,,,,,,,,,,,,,,,,,,,,,,,,,,,,,,,,,,,,,,,,,,,,,,,,,,,,,,
"2020-08-19 09:00:00","Molde (Nor)","KuPS (Fin)",Finished,0,"Markham-Jones B. (Wal)","Aker Stadion (Molde)",5,0,2,0,3,0,0,0,"26',37',69',,",,57,6,3,3,0,8,0,1,0,2,2,0,0,0,0,0,42,17,43,7,2,3,2,3,3,2,0,1,6,0,0,0,0,0,38,19,46,11,6,4,1,6,7,1,0,4,3,0,1,0,0,0,47,22,54,7,4,2,1,5,0,2,0,3,3,0,0,0,0,0,34,19,0,0,0,0,0,0,0,0,0,0,0,0,0,0,0,0,0,0,0,0,0,0,0,0,0,0,0,0,0,0,0,0,0,0,0,0
"2020-11-24 12:00:00","Dyn. Kyiv",Barcelona,Finished,0,"Jug M. (Slo)","NSC Olimpiyskiy Stadium (Kiev)",0,4,0,0,0,4,0,0,,"52',57',70',",34,4,2,1,1,3,0,2,0,1,5,0,0,168,139,0,36,11,66,2,1,1,0,6,4,0,0,2,3,0,1,453,404,0,102,53,40,3,1,1,1,4,2,1,0,2,6,0,1,215,180,0,47,17,60,12,6,4,2,6,2,1,0,1,3,0,0,390,353,0,74,34,0,0,0,0,0,0,0,0,0,0,0,0,0,0,0,0,0,0,0,0,0,0,0,0,0,0,0,0,0,0,0,0,0,0,0,0
"2020-09-29 12:00:00","Ferencvaros (Hun)","Molde (Nor)",Finished,0,"Kuipers B. (Ned)","Groupama Arena (Budapest)",0,0,0,0,0,0,0,0,,,53,3,1,1,1,6,1,1,0,0,8,0,1,279,220,0,55,28,47,5,0,4,1,9,1,0,0,1,6,0,1,223,172,0,40,27,49,4,2,2,0,6,0,1,0,1,4,0,0,260,210,0,57,35,51,8,1,4,3,5,5,0,0,2,6,0,2,301,231,0,62,43,0,0,0,0,0,0,0,0,0,0,0,0,0,0,0,0,0,0,0,0,0,0,0,0,0,0,0,0,0,0,0,0,0,0,0,0
"2020-09-16 10:00:00","Ferencvaros (Hun)","D. Zagreb (Cro)",Finished,0,"Stieler T. (Ger)","Groupama Arena (Budapest)",2,1,1,1,1,0,0,0,"2',65'",23',50,5,4,1,0,7,2,0,0,3,6,0,0,0,0,0,50,40,50,6,4,0,2,5,3,3,0,3,4,0,0,0,0,0,56,35,48,3,2,0,1,12,3,1,0,2,11,0,4,0,0,0,38,25,52,8,2,4,2,12,5,4,0,1,8,0,3,0,0,0,60,45,0,0,0,0,0,0,0,0,0,0,0,0,0,0,0,0,0,0,0,0,0,0,0,0,0,0,0,0,0,0,0,0,0,0,0,0
,,,,,,,,,,,,,,,,,,,,,,,,,,,,,,,,,,,,,,,,,,,,,,,,,,,,,,,,,,,,,,,,,,,,,,,,,,,,,,,,,,,,,,,,,,,,,,,,,,,,,,,,,,,,,,,,,,,,,,,,,,,,
"2020-08-18 12:00:00","FK Crvena zvezda (Srb)","Europa FC (Gib)",Finished,0,"Christofi T. (Cyp)","Stadion Rajko Mitić (Belgrade)",5,0,2,0,3,0,0,0,"35',44',52',78',87'",,59,7,4,3,0,5,5,2,0,2,3,0,0,0,0,0,43,31,41,3,2,1,0,4,0,1,0,2,4,0,2,0,0,0,28,15,53,13,3,7,3,4,1,0,0,2,9,0,1,0,0,0,68,46,47,2,2,0,0,7,0,0,0,0,5,0,1,0,0,0,45,22,0,0,0,0,0,0,0,0,0,0,0,0,0,0,0,0,0,0,0,0,0,0,0,0,0,0,0,0,0,0,0,0,0,0,0,0
"2020-10-20 12:00:00",Lazio,Dortmund,Finished,1000,"Turpin C. (Fra)","Stadio Olimpico (Rome)",3,1,2,0,1,1,0,0,"6',23',76'",71',43,9,4,1,4,3,5,1,0,3,5,0,1,241,202,0,53,23,57,6,3,1,2,6,4,0,0,2,3,0,0,342,298,0,77,19,35,3,1,1,1,5,2,3,0,3,1,0,1,165,120,0,42,10,65,8,4,4,0,3,2,0,0,0,5,0,1,392,340,0,92,42,0,0,0,0,0,0,0,0,0,0,0,0,0,0,0,0,0,0,0,0,0,0,0,0,0,0,0,0,0,0,0,0,0,0,0,0
,,,,,,,,,,,,,,,,,,,,,,,,,,,,,,,,,,,,,,,,,,,,,,,,,,,,,,,,,,,,,,,,,,,,,,,,,,,,,,,,,,,,,,,,,,,,,,,,,,,,,,,,,,,,,,,,,,,,,,,,,,,,
"2020-08-19 09:30:00","Flora (Est)","Suduva (Ltu)","After Penalties",0,"Kajtazovic N. (Slo)","A. Le Coq Arena (Tallinn)",1,2,0,0,1,1,0,0,"49',2',3'","78',1',2',4',5'",47,3,0,3,0,6,0,1,0,3,3,0,0,0,0,0,54,43,53,6,3,1,2,4,1,1,0,0,5,0,1,0,0,0,40,43,51,5,3,2,0,6,5,0,0,1,7,0,3,0,0,0,33,39,49,11,2,7,2,8,1,0,0,2,6,0,1,0,0,0,42,48,53,3,1,2,0,9,0,0,0,3,3,0,0,0,0,0,30,22,47,7,3,3,1,4,1,1,0,1,4,0,1,0,0,0,37,40
"2020-10-28 13:00:00","Manchester Utd","RB Leipzig",Finished,0,"Vincic S. (Slo)","Old Trafford (Manchester)",5,0,1,0,4,0,0,0,"21',74',78',87',",,47,4,2,0,2,12,1,0,0,1,10,0,1,244,209,0,32,17,53,6,1,2,3,10,2,0,0,1,12,0,0,304,260,0,69,25,49,11,6,2,3,10,1,1,0,1,8,0,0,212,181,0,52,26,51,2,1,1,0,8,3,2,0,2,8,0,3,211,163,0,55,22,0,0,0,0,0,0,0,0,0,0,0,0,0,0,0,0,0,0,0,0,0,0,0,0,0,0,0,0,0,0,0,0,0,0,0,0
"2020-08-26 10:30:00","Ludogorets (Bul)","Midtjylland (Den)",Finished,0,"Shurman D. (Ukr)","Huvepharma Arena (Razgrad)",0,1,0,0,0,1,0,0,,77',43,2,0,1,1,7,0,0,0,3,5,0,1,0,0,0,35,15,57,8,3,4,1,5,6,1,0,0,6,0,2,0,0,0,43,50,45,8,4,2,2,15,2,2,0,3,9,0,2,0,0,0,32,27,55,9,4,3,2,11,1,1,0,4,12,0,1,0,0,0,53,35,0,0,0,0,0,0,0,0,0,0,0,0,0,0,0,0,0,0,0,0,0,0,0,0,0,0,0,0,0,0,0,0,0,0,0,0
,,,,,,,,,,,,,,,,,,,,,,,,,,,,,,,,,,,,,,,,,,,,,,,,,,,,,,,,,,,,,,,,,,,,,,,,,,,,,,,,,,,,,,,,,,,,,,,,,,,,,,,,,,,,,,,,,,,,,,,,,,,,
,,,,,,,,,,,,,,,,,,,,,,,,,,,,,,,,,,,,,,,,,,,,,,,,,,,,,,,,,,,,,,,,,,,,,,,,,,,,,,,,,,,,,,,,,,,,,,,,,,,,,,,,,,,,,,,,,,,,,,,,,,,,
"2020-08-11 09:00:00","Drita (Kos)","Linfield (Nir)",Awarded,0,"Ioannis P. (Gre)","Colovray Stadium (Nyon)",0,3,0,3,0,0,0,0,,,0,0,0,0,0,0,0,0,0,0,0,0,0,0,0,0,0,0,0,0,0,0,0,0,0,0,0,0,0,0,0,0,0,0,0,0,0,0,0,0,0,0,0,0,0,0,0,0,0,0,0,0,0,0,0,0,0,0,0,0,0,0,0,0,0,0,0,0,0,0,0,0,0,0,0,0,0,0,0,0,0,0,0,0,0,0,0,0,0,0,0,0,0,0,0,0,0,0,0,0,0,0,0,0,0,0,0,0
"2020-09-15 11:30:00","Gent (Bel)","Rapid Vienna (Aut)",Finished,0,"Ekberg A. (Swe)","Ghelamco Arena (Gent)",2,1,1,0,1,1,0,0,"36',59'",,55,7,3,1,3,6,1,0,0,3,8,0,0,0,0,0,35,26,45,8,3,5,0,9,2,0,0,2,6,0,1,0,0,0,35,22,53,2,1,1,0,10,0,0,0,4,6,0,0,0,0,0,32,14,47,9,5,4,0,7,2,0,0,0,8,0,2,0,0,0,38,38,0,0,0,0,0,0,0,0,0,0,0,0,0,0,0,0,0,0,0,0,0,0,0,0,0,0,0,0,0,0,0,0,0,0,0,0
,,,,,,,,,,,,,,,,,,,,,,,,,,,,,,,,,,,,,,,,,,,,,,,,,,,,,,,,,,,,,,,,,,,,,,,,,,,,,,,,,,,,,,,,,,,,,,,,,,,,,,,,,,,,,,,,,,,,,,,,,,,,
"2020-10-21 12:00:00","Manchester City","FC Porto",Finished,0,"Treimanis A. (Lat)","Etihad Stadium (Manchester)",3,1,1,1,2,0,0,0,"20',65',73'",14',65,3,1,1,1,1,2,0,0,1,9,0,3,323,268,0,59,25,35,5,2,3,0,9,1,0,0,0,2,0,0,156,109,0,28,12,65,6,5,1,0,2,2,0,0,0,6,0,2,336,295,0,69,24,35,1,0,1,0,6,0,0,0,3,2,0,1,171,128,0,40,9,0,0,0,0,0,0,0,0,0,0,0,0,0,0,0,0,0,0,0,0,0,0,0,0,0,0,0,0,0,0,0,0,0,0,0,0
"2020-10-28 13:00:00",Dortmund,Zenit,Finished,0,"Kuipers B. (Ned)","Signal Iduna Park (Dortmund)",2,0,0,0,2,0,0,0,"78',",,63,4,2,2,0,3,3,0,0,0,6,0,0,455,408,0,113,55,37,2,0,1,1,6,0,2,0,2,2,0,1,222,193,0,45,15,67,8,4,3,1,4,5,1,0,0,1,0,0,427,383,0,95,43,33,2,0,1,1,2,1,0,0,2,5,0,1,183,144,0,35,11,0,0,0,0,0,0,0,0,0,0,0,0,0,0,0,0,0,0,0,0,0,0,0,0,0,0,0,0,0,0,0,0,0,0,0,0
"2020-08-25 11:00:00","PAOK (Gre)","Besiktas (Tur)",Finished,0,"Doveri D. (Ita)","Toumba Stadium (Thessaloniki)",3,1,3,1,0,0,0,0,"7',24',30'",37',35,7,4,2,1,6,0,1,0,0,12,0,2,0,0,0,37,25,65,7,1,4,2,14,4,1,0,1,8,0,1,0,0,0,62,43,41,8,4,4,0,9,1,0,0,3,15,0,2,0,0,0,37,25,59,9,3,4,2,16,4,3,0,4,7,0,0,0,0,0,53,50,0,0,0,0,0,0,0,0,0,0,0,0,0,0,0,0,0,0,0,0,0,0,0,0,0,0,0,0,0,0,0,0,0,0,0,0
"2020-10-20 12:00:00",Barcelona,Ferencvaros,Finished,0,"Scharer S. (Sui)","Camp Nou (Barcelona)",5,1,2,0,3,1,0,0,"27',42',52',82',89'",70',62,13,6,4,3,10,4,1,0,0,3,0,0,388,351,0,89,50,38,3,0,3,0,4,0,2,0,4,9,0,2,190,158,0,25,5,54,9,5,2,2,8,1,1,0,1,4,1,0,371,340,0,69,40,46,5,2,3,0,5,0,2,0,2,6,0,2,286,262,0,35,11,0,0,0,0,0,0,0,0,0,0,0,0,0,0,0,0,0,0,0,0,0,0,0,0,0,0,0,0,0,0,0,0,0,0,0,0
,,,,,,,,,,,,,,,,,,,,,,,,,,,,,,,,,,,,,,,,,,,,,,,,,,,,,,,,,,,,,,,,,,,,,,,,,,,,,,,,,,,,,,,,,,,,,,,,,,,,,,,,,,,,,,,,,,,,,,,,,,,,
,,,,,,,,,,,,,,,,,,,,,,,,,,,,,,,,,,,,,,,,,,,,,,,,,,,,,,,,,,,,,,,,,,,,,,,,,,,,,,,,,,,,,,,,,,,,,,,,,,,,,,,,,,,,,,,,,,,,,,,,,,,,
"2020-10-28 13:00:00",Juventus,Barcelona,Finished,0,"Makkelie D. (Ned)","Allianz Stadium (Turin)",0,2,0,1,0,1,0,0,,"14',",47,1,0,1,0,7,0,2,0,3,6,0,1,287,246,0,72,27,53,8,4,3,1,8,2,0,0,0,7,0,0,374,331,0,43,27,49,7,0,4,3,9,1,1,0,0,13,1,4,246,212,0,47,22,51,6,1,2,3,12,2,0,0,0,9,0,1,350,307,0,68,35,0,0,0,0,0,0,0,0,0,0,0,0,0,0,0,0,0,0,0,0,0,0,0,0,0,0,0,0,0,0,0,0,0,0,0,0
"2020-08-19 10:00:00","Celje (Slo)","Dundalk (Irl)",Finished,0,"Ferreira V. (Por)","Szusza Ferenc Stadion (Budapest)",3,0,1,0,2,0,0,0,"43',89',",,57,7,1,4,2,2,3,0,0,3,10,0,1,0,0,0,60,41,43,5,3,1,1,8,2,0,0,0,2,0,1,0,0,0,51,28,39,8,5,3,0,6,1,1,0,2,7,0,0,0,0,0,51,27,61,6,2,2,2,6,1,1,0,3,6,0,1,0,0,0,62,55,0,0,0,0,0,0,0,0,0,0,0,0,0,0,0,0,0,0,0,0,0,0,0,0,0,0,0,0,0,0,0,0,0,0,0,0
,,,,,,,,,,,,,,,,,,,,,,,,,,,,,,,,,,,,,,,,,,,,,,,,,,,,,,,,,,,,,,,,,,,,,,,,,,,,,,,,,,,,,,,,,,,,,,,,,,,,,,,,,,,,,,,,,,,,,,,,,,,,
"2020-11-04 12:00:00",Chelsea,Rennes,Finished,0,"Zwayer F. (Ger)","Stamford Bridge (London)",3,0,2,0,1,0,0,0,"10',41',50'",,54,5,2,2,1,2,2,0,0,0,4,0,2,307,258,0,54,20,46,2,0,2,0,4,2,1,0,0,3,1,2,263,223,0,48,22,60,4,2,2,0,7,0,4,0,2,7,0,2,372,333,0,73,33,40,6,2,3,1,12,1,2,0,1,5,0,1,250,204,0,44,19,0,0,0,0,0,0,0,0,0,0,0,0,0,0,0,0,0,0,0,0,0,0,0,0,0,0,0,0,0,0,0,0,0,0,0,0
"2020-08-26 10:00:00","Lok. Zagreb (Cro)","Rapid Vienna (Aut)",Finished,0,"Munuera J. (Esp)","Stadion u Kranjčevićevoj ulici (Zagreb)",0,1,0,1,0,0,0,0,,32',39,2,0,2,0,10,0,0,0,2,7,0,1,0,0,0,50,19,61,5,3,1,1,7,3,0,0,0,8,0,0,0,0,0,59,32,56,4,1,3,0,10,1,0,0,6,8,0,3,0,0,0,58,24,44,8,6,2,0,9,5,1,0,1,9,0,3,0,0,0,46,32,0,0,0,0,0,0,0,0,0,0,0,0,0,0,0,0,0,0,0,0,0,0,0,0,0,0,0,0,0,0,0,0,0,0,0,0
"2020-08-19 10:00:00","Dinamo Tbilisi (Geo)","KF Tirana (Alb)",Finished,0,"Tarajev R. (Est)","Boris Paichadze Dinamo Arena (Tbilisi)",0,2,0,1,0,1,0,0,,",86'",70,2,0,2,0,10,5,1,0,1,7,0,2,0,0,0,88,41,30,4,2,2,0,8,0,0,0,0,10,0,1,0,0,0,29,15,60,4,2,2,0,10,5,3,0,3,3,0,1,0,0,0,91,56,40,4,4,0,0,7,2,1,0,2,9,0,2,0,0,0,59,27,0,0,0,0,0,0,0,0,0,0,0,0,0,0,0,0,0,0,0,0,0,0,0,0,0,0,0,0,0,0,0,0,0,0,0,0
"2020-11-04 12:00:00","RB Leipzig","Paris SG",Finished,0,"Marciniak S. (Pol)","Red Bull Arena (Leipzig)",2,1,1,1,1,0,0,0,"42',57'",6',48,6,3,2,1,13,1,2,0,1,8,0,2,265,202,0,60,22,52,7,2,2,3,9,2,5,0,2,10,0,2,262,200,0,76,14,46,6,2,2,2,11,3,0,0,0,12,0,0,224,178,0,57,29,54,1,0,0,1,12,1,2,0,1,10,2,3,257,227,0,62,23,0,0,0,0,0,0,0,0,0,0,0,0,0,0,0,0,0,0,0,0,0,0,0,0,0,0,0,0,0,0,0,0,0,0,0,0
"2020-11-04 12:00:00",Sevilla,Krasnodar,Finished,0,"Brych F. (Ger)","Estadio Ramón Sánchez Pizjuán (Sevilla)",3,2,1,2,2,0,0,0,"42',69',72'","17',21'",68,13,7,3,3,4,4,0,0,0,9,1,1,422,373,0,103,70,32,4,2,1,1,8,0,1,0,6,4,0,0,155,102,0,37,7,54,12,5,5,2,10,2,0,0,1,3,0,1,284,232,0,54,29,46,7,1,2,4,3,4,1,0,3,9,0,3,244,194,0,51,42,0,0,0,0,0,0,0,0,0,0,0,0,0,0,0,0,0,0,0,0,0,0,0,0,0,0,0,0,0,0,0,0,0,0,0,0
"2020-11-03 12:00:00","Manchester City","Olympiacos Piraeus",Finished,0,"Del Cerro C. (Esp)","Etihad Stadium (Manchester)",3,0,1,0,2,0,0,0,"12',81',90'",,59,11,2,3,6,2,5,1,0,0,6,0,0,385,350,0,72,34,41,0,0,0,0,7,0,1,0,1,1,0,0,222,186,0,35,14,49,9,4,3,2,7,2,0,0,1,3,0,0,287,249,0,40,30,51,5,1,1,3,2,2,1,0,2,6,0,1,268,230,0,38,14,0,0,0,0,0,0,0,0,0,0,0,0,0,0,0,0,0,0,0,0,0,0,0,0,0,0,0,0,0,0,0,0,0,0,0,0
"2020-11-25 12:00:00",Inter,"Real Madrid",Finished,0,"Taylor A. (Eng)","Stadio Giuseppe Meazza (San Siro) (Milan)",0,2,0,1,0,1,0,0,,"7',59'",44,2,0,2,0,4,1,0,0,3,3,1,3,255,212,0,51,19,56,8,4,4,0,2,4,0,0,0,4,0,0,358,322,0,60,29,40,4,1,1,2,6,1,0,0,0,4,0,1,253,217,0,30,23,60,7,1,4,2,4,2,0,0,1,6,0,0,462,438,0,70,25,0,0,0,0,0,0,0,0,0,0,0,0,0,0,0,0,0,0,0,0,0,0,0,0,0,0,0,0,0,0,0,0,0,0,0,0
,,,,,,,,,,,,,,,,,,,,,,,,,,,,,,,,,,,,,,,,,,,,,,,,,,,,,,,,,,,,,,,,,,,,,,,,,,,,,,,,,,,,,,,,,,,,,,,,,,,,,,,,,,,,,,,,,,,,,,,,,,,,
"2020-10-28 10:55:00",Basaksehir,"Paris SG",Finished,350,"Ekberg A. (Swe)","Basaksehir Fatih Terim Stadium (Istanbul)",0,2,0,0,0,2,0,0,,"64',79'",46,7,1,4,2,3,2,0,0,1,6,0,1,218,182,0,56,31,54,11,1,5,5,6,3,1,0,1,2,0,0,288,253,0,65,26,50,10,3,4,3,6,4,0,0,1,5,0,2,239,198,0,50,47,50,7,3,4,0,5,2,1,0,3,4,0,1,237,202,0,46,30,0,0,0,0,0,0,0,0,0,0,0,0,0,0,0,0,0,0,0,0,0,0,0,0,0,0,0,0,0,0,0,0,0,0,0,0
,,,,,,,,,,,,,,,,,,,,,,,,,,,,,,,,,,,,,,,,,,,,,,,,,,,,,,,,,,,,,,,,,,,,,,,,,,,,,,,,,,,,,,,,,,,,,,,,,,,,,,,,,,,,,,,,,,,,,,,,,,,,
"2020-08-26 09:00:00","Qarabag (Aze)","Sheriff Tiraspol (Mda)",Finished,0,"Balakin M. (Ukr)","Tofiq Bahramov Stadium (Baku)",2,1,1,0,1,1,0,0,"22',63'",78',63,6,2,2,2,6,3,1,0,0,4,0,0,0,0,0,57,45,37,1,0,0,1,5,0,3,0,1,8,1,1,0,0,0,33,13,61,9,4,1,4,7,2,1,0,0,6,0,1,0,0,0,63,57,39,5,1,3,1,6,3,2,0,3,5,0,0,0,0,0,39,30,0,0,0,0,0,0,0,0,0,0,0,0,0,0,0,0,0,0,0,0,0,0,0,0,0,0,0,0,0,0,0,0,0,0,0,0
,,,,,,,,,,,,,,,,,,,,,,,,,,,,,,,,,,,,,,,,,,,,,,,,,,,,,,,,,,,,,,,,,,,,,,,,,,,,,,,,,,,,,,,,,,,,,,,,,,,,,,,,,,,,,,,,,,,,,,,,,,,,
"2020-08-26 11:00:00","Dynamo Brest (Blr)","FK Sarajevo (Bih)",Finished,0,"Sotiriou L. (Cyp)","Regional Sport Complex Brestskiy (Brest)",2,1,1,1,1,0,0,0,"3',49'",34',47,2,2,0,0,3,2,0,0,0,7,0,1,0,0,0,53,27,53,7,1,2,4,5,4,0,0,1,10,0,2,0,0,0,44,25,51,6,3,2,1,13,1,1,0,3,4,0,3,0,0,0,58,31,49,7,3,2,2,5,5,2,0,2,10,0,3,0,0,0,64,41,0,0,0,0,0,0,0,0,0,0,0,0,0,0,0,0,0,0,0,0,0,0,0,0,0,0,0,0,0,0,0,0,0,0,0,0
"2020-09-30 12:00:00","Salzburg (Aut)","Maccabi Tel Aviv (Isr)",Finished,0,"Brych F. (Ger)","Red Bull Arena (Salzburg)",3,1,2,1,1,0,0,0,"16',,68'",30',60,13,7,4,2,7,2,0,0,1,5,0,1,328,280,0,59,44,40,3,2,1,0,4,2,2,0,5,6,1,4,179,136,0,40,18,48,7,3,3,1,5,1,0,0,0,12,0,2,298,241,0,40,29,52,3,0,3,0,7,1,2,0,2,3,0,0,275,223,0,42,20,0,0,0,0,0,0,0,0,0,0,0,0,0,0,0,0,0,0,0,0,0,0,0,0,0,0,0,0,0,0,0,0,0,0,0,0
,,,,,,,,,,,,,,,,,,,,,,,,,,,,,,,,,,,,,,,,,,,,,,,,,,,,,,,,,,,,,,,,,,,,,,,,,,,,,,,,,,,,,,,,,,,,,,,,,,,,,,,,,,,,,,,,,,,,,,,,,,,,
"2020-11-04 12:00:00","Club Brugge KV",Dortmund,Finished,0,"Skomina D. (Slo) - Peric D. (Slo)","Jan Breydel Stadion (Brugge)",0,3,0,3,0,0,0,0,,"14',18',32'",48,5,2,1,2,3,1,1,0,3,6,0,0,280,237,0,65,40,52,8,6,0,2,7,2,0,0,2,3,0,0,338,293,0,47,15,52,6,2,3,1,4,2,3,0,0,5,0,0,292,254,0,57,21,48,4,0,2,2,9,1,0,0,2,4,0,0,326,282,0,54,18,0,0,0,0,0,0,0,0,0,0,0,0,0,0,0,0,0,0,0,0,0,0,0,0,0,0,0,0,0,0,0,0,0,0,0,0
"2020-11-24 12:00:00","Paris SG","RB Leipzig",Finished,0,"Makkelie D. (Ned)","Parc des Princes (Paris)",1,0,1,0,0,0,0,0,11',,38,5,2,2,1,8,1,0,0,2,8,0,2,177,135,0,43,10,62,7,2,4,1,8,2,0,0,1,10,0,1,315,260,0,86,26,44,3,1,2,0,10,1,0,0,1,7,0,3,219,181,0,61,17,56,9,1,5,3,6,4,1,0,1,9,0,0,344,297,0,70,40,0,0,0,0,0,0,0,0,0,0,0,0,0,0,0,0,0,0,0,0,0,0,0,0,0,0,0,0,0,0,0,0,0,0,0,0
,,,,,,,,,,,,,,,,,,,,,,,,,,,,,,,,,,,,,,,,,,,,,,,,,,,,,,,,,,,,,,,,,,,,,,,,,,,,,,,,,,,,,,,,,,,,,,,,,,,,,,,,,,,,,,,,,,,,,,,,,,,,
"2020-11-24 12:00:00",Lazio,Zenit,Finished,0,"Oliver M. (Eng)","Stadio Olimpico (Rome)",3,1,2,1,1,0,0,0,"3',22',55'",25',49,8,5,1,2,5,3,0,0,1,4,0,0,280,247,0,50,33,51,4,2,2,0,4,1,0,0,3,5,0,1,260,226,0,61,26,47,4,2,1,1,7,3,2,0,3,3,0,1,228,187,0,27,14,53,8,3,3,2,5,1,0,0,1,8,0,2,286,244,0,75,32,0,0,0,0,0,0,0,0,0,0,0,0,0,0,0,0,0,0,0,0,0,0,0,0,0,0,0,0,0,0,0,0,0,0,0,0
"2020-08-19 10:00:00","Ferencvaros (Hun)","Djurgarden (Swe)",Finished,0,"San F. (Sui)","Groupama Arena (Budapest)",2,0,1,0,1,0,0,0,"33',62'",,58,5,4,1,0,7,0,1,0,0,0,0,0,0,0,0,59,32,42,2,0,1,1,1,2,2,0,3,5,0,0,0,0,0,34,19,45,6,3,2,1,6,2,2,0,3,6,0,2,0,0,0,50,34,55,8,3,2,3,9,1,2,0,2,5,0,2,0,0,0,45,36,0,0,0,0,0,0,0,0,0,0,0,0,0,0,0,0,0,0,0,0,0,0,0,0,0,0,0,0,0,0,0,0,0,0,0,0
"2020-11-24 12:00:00",Juventus,Ferencvaros,Finished,0,"Siebert D. (Ger)","Allianz Stadium (Turin)",2,1,1,1,1,0,0,0,"35',",19',62,7,3,2,2,2,2,7,0,1,5,0,0,376,336,0,99,40,38,5,2,0,3,11,5,0,0,2,2,0,0,191,150,0,36,12,62,11,4,5,2,8,4,2,0,0,14,0,2,369,319,0,100,36,38,3,0,2,1,13,1,0,0,3,9,0,1,211,161,0,36,12,0,0,0,0,0,0,0,0,0,0,0,0,0,0,0,0,0,0,0,0,0,0,0,0,0,0,0,0,0,0,0,0,0,0,0,0
"2020-09-16 10:00:00","Maccabi Tel Aviv (Isr)","Dynamo Brest (Blr)",Finished,0,"Massa D. (Ita)","Bloomfield Stadium (Tel-Aviv)",1,0,0,0,1,0,0,0,50',,55,3,1,2,0,6,2,3,0,0,6,0,1,0,0,0,56,31,45,0,0,0,0,7,1,1,0,1,4,0,0,0,0,0,45,14,43,10,6,4,0,8,6,6,0,1,5,0,2,0,0,0,35,35,57,7,1,5,1,9,4,4,0,5,11,0,2,0,0,0,42,25,0,0,0,0,0,0,0,0,0,0,0,0,0,0,0,0,0,0,0,0,0,0,0,0,0,0,0,0,0,0,0,0,0,0,0,0
"2020-09-29 12:00:00","Omonia (Cyp)","Olympiacos Piraeus (Gre)",Finished,0,"Lahoz A. (Esp)","Neo GSP Stadium (Nicosia)",0,0,0,0,0,0,0,0,,,44,4,0,2,2,3,6,0,0,3,2,0,0,146,112,0,58,46,56,7,3,4,0,2,0,1,0,0,2,0,0,243,212,0,55,36,42,3,1,1,1,6,2,0,0,8,6,0,3,206,165,0,26,26,58,22,8,8,6,6,7,1,0,1,7,0,4,324,278,0,55,51,0,0,0,0,0,0,0,0,0,0,0,0,0,0,0,0,0,0,0,0,0,0,0,0,0,0,0,0,0,0,0,0,0,0,0,0
"2020-08-26 11:15:00","Young Boys (Sui)","Klaksvik (Fai)",Finished,0,"Tzilos A. (Gre)","Stadion Wankdorf (Bern)",3,1,0,0,3,1,0,0,"51',57',82'",79',55,5,2,2,1,11,0,1,0,1,6,0,1,0,0,0,58,37,45,3,1,1,1,8,0,0,0,2,9,0,3,0,0,0,39,16,59,11,5,3,3,6,1,1,0,0,6,0,0,0,0,0,50,35,41,1,1,0,0,8,1,0,0,2,8,0,2,0,0,0,37,16,0,0,0,0,0,0,0,0,0,0,0,0,0,0,0,0,0,0,0,0,0,0,0,0,0,0,0,0,0,0,0,0,0,0,0,0
"2020-10-21 12:00:00",Midtjylland,Atalanta,Finished,132,"Soares Dias A. (Por)","MCH Arena (Herning)",0,4,0,3,0,1,0,0,,"26',36',42',89'",43,4,1,3,0,6,2,0,0,4,5,0,0,212,158,0,45,29,57,12,7,4,1,5,2,1,0,1,5,0,0,293,253,0,65,34,61,5,2,3,0,9,2,0,0,3,5,0,1,265,214,0,61,21,39,7,4,2,1,5,3,2,0,2,7,0,1,220,167,0,43,19,0,0,0,0,0,0,0,0,0,0,0,0,0,0,0,0,0,0,0,0,0,0,0,0,0,0,0,0,0,0,0,0,0,0,0,0
"2020-09-15 10:00:00","Dyn. Kyiv (Ukr)","AZ Alkmaar (Ned)",Finished,0,"Grinfeld O. (Isr)","NSC Olimpiyskiy Stadium (Kiev)",2,0,0,0,2,0,0,0,"49',86'",,49,1,0,0,1,13,0,2,0,1,5,0,2,0,0,0,33,10,51,5,1,2,2,7,0,1,0,0,13,0,1,0,0,0,58,33,39,7,4,3,0,4,1,0,0,0,8,0,1,0,0,0,35,18,61,7,0,5,2,6,1,0,0,2,4,0,2,0,0,0,69,24,0,0,0,0,0,0,0,0,0,0,0,0,0,0,0,0,0,0,0,0,0,0,0,0,0,0,0,0,0,0,0,0,0,0,0,0
"2020-09-22 12:00:00","Slavia Prague (Cze)","Midtjylland (Den)",Finished,0,"Cakir C. (Tur)","Sinobo Stadium (Prague)",0,0,0,0,0,0,0,0,,,52,8,3,4,1,10,4,0,0,0,6,0,0,242,174,0,57,38,48,1,0,0,1,6,1,1,0,3,8,0,0,178,112,0,52,33,54,4,1,1,2,8,4,0,0,2,7,0,2,193,134,0,45,40,46,4,2,2,0,7,1,0,0,1,8,0,1,163,121,0,43,24,0,0,0,0,0,0,0,0,0,0,0,0,0,0,0,0,0,0,0,0,0,0,0,0,0,0,0,0,0,0,0,0,0,0,0,0
"2020-11-25 09:55:00","B. Monchengladbach","Shakhtar Donetsk",Finished,0,"Cakir C. (Tur)","Borussia-Park (Mönchengladbach)",4,0,3,0,1,0,0,0,"17',34',,77'",,50,10,4,5,1,7,2,1,0,0,8,0,0,247,210,0,56,21,50,2,0,1,1,9,0,0,0,1,8,0,1,271,223,0,57,15,44,4,2,1,1,6,2,0,0,3,6,0,2,270,219,0,45,17,56,10,3,5,2,6,5,1,0,1,5,0,0,305,267,0,81,23,0,0,0,0,0,0,0,0,0,0,0,0,0,0,0,0,0,0,0,0,0,0,0,0,0,0,0,0,0,0,0,0,0,0,0,0
,,,,,,,,,,,,,,,,,,,,,,,,,,,,,,,,,,,,,,,,,,,,,,,,,,,,,,,,,,,,,,,,,,,,,,,,,,,,,,,,,,,,,,,,,,,,,,,,,,,,,,,,,,,,,,,,,,,,,,,,,,,,
,,,,,,,,,,,,,,,,,,,,,,,,,,,,,,,,,,,,,,,,,,,,,,,,,,,,,,,,,,,,,,,,,,,,,,,,,,,,,,,,,,,,,,,,,,,,,,,,,,,,,,,,,,,,,,,,,,,,,,,,,,,,
"2020-09-30 12:00:00","PAOK (Gre)","Krasnodar (Rus)",Finished,0,"Orsato D. (Ita)","Toumba Stadium (Thessaloniki)",1,2,0,0,1,2,0,0,77',"73',78'",49,6,4,1,1,7,5,1,0,2,6,0,0,226,178,0,70,43,51,4,2,2,0,7,0,1,0,4,6,0,0,254,200,0,43,22,57,11,1,6,4,7,5,0,0,0,6,0,0,277,218,0,54,43,43,6,2,3,1,6,3,1,0,0,6,0,0,167,117,0,42,23,0,0,0,0,0,0,0,0,0,0,0,0,0,0,0,0,0,0,0,0,0,0,0,0,0,0,0,0,0,0,0,0,0,0,0,0
"2020-11-04 12:00:00",Ferencvaros,Juventus,Finished,18531,"Grinfeld O. (Isr)","Puskás Aréna (Budapest)",1,4,0,1,1,3,0,0,90',"7',60',73',81'",42,7,0,7,0,6,1,0,0,1,6,0,1,234,204,0,29,16,58,6,2,1,3,6,1,1,0,0,5,0,0,368,336,0,73,28,54,4,3,1,0,7,1,0,0,3,2,0,0,345,6,0,45,14,46,11,6,4,1,2,0,1,0,2,6,0,0,303,275,0,45,20,0,0,0,0,0,0,0,0,0,0,0,0,0,0,0,0,0,0,0,0,0,0,0,0,0,0,0,0,0,0,0,0,0,0,0,0
"2020-10-27 13:00:00","FC Porto","Olympiacos Piraeus",Finished,2450,"Siebert D. (Ger)","Estádio do Dragão (Porto)",2,0,1,0,1,0,0,0,"11',85'",,48,4,2,2,0,11,3,0,0,1,2,0,0,218,180,0,57,20,52,4,1,1,2,2,4,3,0,1,8,0,0,224,185,0,62,30,42,7,3,2,2,10,1,0,0,2,11,0,3,225,175,0,43,17,58,7,2,3,2,11,5,1,0,2,9,0,1,342,280,0,48,32,0,0,0,0,0,0,0,0,0,0,0,0,0,0,0,0,0,0,0,0,0,0,0,0,0,0,0,0,0,0,0,0,0,0,0,0
"2020-10-27 13:00:00","B. Monchengladbach","Real Madrid",Finished,0,"Grinfeld O. (Isr)","Borussia-Park (Mönchengladbach)",2,2,1,0,1,2,0,0,"33',58'","87',",36,1,1,0,0,4,0,1,0,3,5,0,0,221,184,0,32,8,64,11,3,4,4,6,5,0,0,0,4,0,0,421,381,0,85,34,36,7,4,2,1,3,1,1,0,1,15,0,3,218,166,0,32,13,64,10,3,3,4,15,3,0,0,3,3,0,1,405,342,0,71,33,0,0,0,0,0,0,0,0,0,0,0,0,0,0,0,0,0,0,0,0,0,0,0,0,0,0,0,0,0,0,0,0,0,0,0,0
,,,,,,,,,,,,,,,,,,,,,,,,,,,,,,,,,,,,,,,,,,,,,,,,,,,,,,,,,,,,,,,,,,,,,,,,,,,,,,,,,,,,,,,,,,,,,,,,,,,,,,,,,,,,,,,,,,,,,,,,,,,,
"2020-10-20 12:00:00","Paris SG","Manchester Utd",Finished,0,"Lahoz A. (Esp)","Parc des Princes (Paris)",1,2,0,1,1,1,0,0,55',"23',87'",58,5,2,0,3,5,4,2,0,1,4,0,1,267,215,0,55,21,42,4,2,1,1,6,3,1,0,2,5,0,1,191,145,0,50,17,60,10,3,6,1,10,7,1,0,3,4,0,2,295,261,0,53,34,40,10,4,4,2,4,5,1,0,2,9,0,1,178,153,0,33,30,0,0,0,0,0,0,0,0,0,0,0,0,0,0,0,0,0,0,0,0,0,0,0,0,0,0,0,0,0,0,0,0,0,0,0,0
"2020-08-19 11:00:00","Sheriff Tiraspol (Mda)","Fola (Lux)",Finished,0,"Berke B. (Hun)","Stadionul Sheriff (Tiraspol)",2,0,1,0,1,0,0,0,"36',80'",,49,8,3,3,2,5,2,0,0,3,6,0,0,0,0,0,60,29,51,4,3,1,0,7,4,0,0,2,4,0,0,0,0,0,63,46,55,7,2,5,0,10,4,2,0,1,4,0,1,0,0,0,67,47,45,6,1,4,1,7,0,0,0,1,11,0,3,0,0,0,58,33,0,0,0,0,0,0,0,0,0,0,0,0,0,0,0,0,0,0,0,0,0,0,0,0,0,0,0,0,0,0,0,0,0,0,0,0
"2020-08-26 11:45:00","Celtic (Sco)","Ferencvaros (Hun)",Finished,0,"Lindhout A. (Ned)","Celtic Park (Glasgow)",1,2,0,1,1,1,0,0,53',"7',75'",59,15,3,6,6,6,3,0,0,0,7,0,1,0,0,0,44,33,41,1,1,0,0,8,1,0,0,3,6,0,1,0,0,0,28,14,61,10,4,3,3,6,4,1,0,0,6,0,1,0,0,0,48,37,39,3,1,1,1,7,0,0,0,3,3,0,1,0,0,0,38,15,0,0,0,0,0,0,0,0,0,0,0,0,0,0,0,0,0,0,0,0,0,0,0,0,0,0,0,0,0,0,0,0,0,0,0,0
"2020-11-25 12:00:00",Liverpool,Atalanta,Finished,0,"Del Cerro C. (Esp)","Anfield (Liverpool)",0,2,0,0,0,2,0,0,,"60',64'",49,1,0,1,0,9,0,1,0,1,6,0,0,306,248,0,54,34,51,5,1,4,0,7,2,1,0,0,8,0,0,335,285,0,52,28,59,3,0,2,1,7,2,1,0,1,6,0,1,376,311,0,65,30,41,4,3,1,0,7,0,1,0,0,7,0,1,258,208,0,49,20,0,0,0,0,0,0,0,0,0,0,0,0,0,0,0,0,0,0,0,0,0,0,0,0,0,0,0,0,0,0,0,0,0,0,0,0
"2020-10-27 13:00:00",Atalanta,Ajax,Finished,0,"Skomina D. (Slo)","Gewiss Stadium (Bergamo)",2,2,0,2,2,0,0,0,"54',60'","30',38'",50,7,2,3,2,6,6,2,0,2,4,0,1,216,167,0,56,27,50,7,4,2,1,5,2,0,0,2,6,0,3,228,174,0,66,16,42,6,4,2,0,10,1,3,0,3,8,0,2,195,146,0,41,16,58,6,3,0,3,11,4,0,0,2,10,0,0,279,227,0,78,31,0,0,0,0,0,0,0,0,0,0,0,0,0,0,0,0,0,0,0,0,0,0,0,0,0,0,0,0,0,0,0,0,0,0,0,0
,,,,,,,,,,,,,,,,,,,,,,,,,,,,,,,,,,,,,,,,,,,,,,,,,,,,,,,,,,,,,,,,,,,,,,,,,,,,,,,,,,,,,,,,,,,,,,,,,,,,,,,,,,,,,,,,,,,,,,,,,,,,
"2020-08-25 11:00:00","KF Tirana (Alb)","FK Crvena zvezda (Srb)",Finished,0,"Sjoberg K. (Swe)","Air Albania Stadium (Tirana)",0,1,0,0,0,1,0,0,,62',46,2,1,1,0,0,1,1,0,0,0,0,2,0,0,0,47,19,54,1,0,1,0,0,4,1,0,1,0,0,1,0,0,0,70,43,37,3,1,2,0,0,0,0,0,1,0,0,1,0,0,0,47,25,63,4,2,2,0,0,7,2,0,1,0,0,0,0,0,0,48,44,0,0,0,0,0,0,0,0,0,0,0,0,0,0,0,0,0,0,0,0,0,0,0,0,0,0,0,0,0,0,0,0,0,0,0,0
"2020-11-03 09:55:00","Shakhtar Donetsk","B. Monchengladbach",Finished,0,"Gozubuyuk S. (Ned)","NSC Olimpiyskiy Stadium (Kiev)",0,6,0,4,0,2,0,0,,"8',17',26',44',65',78'",51,4,1,3,0,12,2,0,0,1,0,0,0,320,289,0,28,16,49,13,5,4,4,0,4,3,0,1,9,0,0,299,269,0,48,32,59,0,0,0,0,6,1,0,0,2,7,0,2,329,280,0,69,13,41,8,4,2,2,7,2,1,0,0,6,0,1,230,182,0,39,12,0,0,0,0,0,0,0,0,0,0,0,0,0,0,0,0,0,0,0,0,0,0,0,0,0,0,0,0,0,0,0,0,0,0,0,0
"2020-11-04 12:00:00",Barcelona,"Dyn. Kyiv",Finished,0,"Oliver M. (Eng)","Camp Nou (Barcelona)",2,1,1,0,1,1,0,0,"5',65'",75',58,13,7,4,2,0,5,1,0,2,6,0,0,430,393,0,80,66,42,2,2,0,0,7,3,0,0,6,1,0,0,241,202,0,26,21,56,9,7,1,1,3,5,1,0,4,4,0,0,341,329,0,71,44,44,6,5,1,0,5,5,0,0,6,3,0,1,207,204,0,34,17,0,0,0,0,0,0,0,0,0,0,0,0,0,0,0,0,0,0,0,0,0,0,0,0,0,0,0,0,0,0,0,0,0,0,0,0
"2020-10-20 12:00:00","RB Leipzig",Basaksehir,Finished,999,"Manzano J. (Esp)","Red Bull Arena (Leipzig)",2,0,2,0,0,0,0,0,"16',20'",,54,7,5,1,1,10,2,0,0,2,9,0,2,299,235,0,54,30,46,6,2,4,0,9,0,1,0,3,9,0,2,234,184,0,59,22,44,6,2,2,2,9,1,1,0,1,9,0,2,186,152,0,38,16,56,2,1,1,0,10,2,3,0,2,6,0,1,305,250,0,87,32,0,0,0,0,0,0,0,0,0,0,0,0,0,0,0,0,0,0,0,0,0,0,0,0,0,0,0,0,0,0,0,0,0,0,0,0
"2020-10-20 12:00:00",Chelsea,Sevilla,Finished,0,"Massa D. (Ita)","Stamford Bridge (London)",0,0,0,0,0,0,0,0,,,43,2,1,1,0,5,0,1,0,2,10,0,2,272,209,0,58,21,57,3,2,1,0,11,1,1,0,1,4,0,1,342,275,0,70,25,45,4,3,1,0,5,2,0,0,0,2,0,1,233,186,0,47,26,55,3,0,1,2,2,4,0,0,3,5,0,1,274,231,0,57,35,0,0,0,0,0,0,0,0,0,0,0,0,0,0,0,0,0,0,0,0,0,0,0,0,0,0,0,0,0,0,0,0,0,0,0,0
"2020-09-23 12:00:00","Gent (Bel)","Dyn. Kyiv (Ukr)",Finished,0,"Hategan O. (Rou)","Ghelamco Arena (Gent)",1,2,1,1,0,1,0,0,41',"9',79'",48,5,2,2,1,6,2,1,0,2,5,0,1,271,227,0,49,28,52,4,3,1,0,6,2,0,0,1,7,0,1,302,262,0,45,22,32,0,0,0,0,8,0,0,0,4,5,1,3,142,110,0,31,10,68,8,5,2,1,4,5,1,0,0,7,0,1,406,385,0,60,57,0,0,0,0,0,0,0,0,0,0,0,0,0,0,0,0,0,0,0,0,0,0,0,0,0,0,0,0,0,0,0,0,0,0,0,0
"2020-10-21 12:00:00",Ajax,Liverpool,Finished,0,"Brych F. (Ger)","Johan Cruijff Arena (Amsterdam)",0,1,0,1,0,0,0,0,,35',43,4,2,1,1,7,1,1,0,0,3,0,0,255,200,0,52,33,57,5,1,1,3,4,2,1,0,2,6,0,1,319,250,0,58,29,51,8,2,5,1,3,2,1,0,3,7,0,1,272,206,0,62,31,49,10,3,3,4,8,7,0,0,2,3,0,1,246,176,0,76,37,0,0,0,0,0,0,0,0,0,0,0,0,0,0,0,0,0,0,0,0,0,0,0,0,0,0,0,0,0,0,0,0,0,0,0,0
"2020-11-24 12:00:00","Manchester Utd",Basaksehir,Finished,0,"Hategan O. (Rou)","Old Trafford (Manchester)",4,1,3,0,1,1,0,0,"7',19',35',",75',57,7,5,1,1,4,1,1,0,1,7,0,0,318,276,0,53,20,43,7,1,4,2,7,1,0,0,2,5,0,0,216,180,0,49,22,41,9,3,3,3,8,5,1,0,2,7,0,2,234,195,0,41,15,59,6,3,3,0,7,1,1,0,2,7,0,3,299,256,0,58,33,0,0,0,0,0,0,0,0,0,0,0,0,0,0,0,0,0,0,0,0,0,0,0,0,0,0,0,0,0,0,0,0,0,0,0,0
,,,,,,,,,,,,,,,,,,,,,,,,,,,,,,,,,,,,,,,,,,,,,,,,,,,,,,,,,,,,,,,,,,,,,,,,,,,,,,,,,,,,,,,,,,,,,,,,,,,,,,,,,,,,,,,,,,,,,,,,,,,,
"2020-09-29 12:00:00","Dyn. Kyiv (Ukr)","Gent (Bel)",Finished,0,"Marciniak S. (Pol)","NSC Olimpiyskiy Stadium (Kiev)",3,0,2,0,1,0,0,0,"9',36',49'",,51,8,2,4,2,10,1,1,0,3,5,0,0,245,195,0,45,34,49,6,3,2,1,6,2,0,0,0,12,0,2,226,184,0,42,34,55,3,3,0,0,10,2,0,0,9,9,0,0,172,120,0,44,28,45,14,9,3,2,7,7,2,0,2,9,0,1,259,217,0,49,57,0,0,0,0,0,0,0,0,0,0,0,0,0,0,0,0,0,0,0,0,0,0,0,0,0,0,0,0,0,0,0,0,0,0,0,0
